olympic_cc;region;country;country_code;precip_1;precip_02;precip_03;precip_04;precip_05;precip_06;precip_07;precip_08;precip_09;precip_10;precip_11;precip_12;precip_annual;temp_01;temp_02;temp_03;temp_04;temp_05;temp_06;temp_07;temp_08;temp_09;temp_10;temp_11;temp_12;temp_annual
AFG;Asia;Afghanistan;AFG;43.27564145;49.18457755;64.97141845;49.40662428;24.18248843;4.559184962;8.034325742;7.736402995;3.667419606;9.355273409;15.40912666;31.53937366;311.3218559;0.073058404;2.109406295;7.596974062;13.37023908;18.2163097;23.20131516;25.2585367;23.7665167;19.03457455;12.99264626;7.004094443;2.433516851;12.92145452
ALB;Europe;Albania;ALB;107.9994176;102.6258335;93.43308322;86.16250038;74.27391656;54.57916753;39.07499989;45.69633325;67.56849957;105.2614174;138.2641671;138.2958336;1053.235184;2.023066632;3.218058333;6.035316656;9.917866548;14.44275006;17.92774995;20.53891659;20.47966655;17.15908329;12.265775;7.575808227;3.653616677;11.26980007
ALG;Africa;Algeria;DZA;8.991996859;8.603530758;9.393840894;8.036686549;6.555782698;3.373739663;2.065212531;3.687830136;5.128238813;7.328424389;9.528861018;9.279404498;81.97354877;12.12249731;14.79019474;17.91350279;21.93638156;26.41402801;30.79646789;32.53892062;31.97453911;28.8243092;23.33912251;17.30899544;12.95063616;22.57579114
ANG;Africa;Angola;AGO;154.9874039;148.5442139;169.9146928;109.0722669;15.14267505;0.372332403;0.321137402;3.413405032;20.10227425;69.76669791;144.5101612;155.1584231;991.3056834;22.58223558;22.68353608;22.78413945;22.35358172;20.7395745;18.37331493;17.94617549;19.90246635;22.18754807;23.18159854;22.78615141;22.6108582;21.51093269
ARG;South America;Argentina;ARG;68.37043995;63.65408754;69.53103663;46.48114779;36.28215434;28.08004619;25.89438467;24.09676756;30.07355358;47.7154873;55.56666441;63.30010189;559.0458708;20.80353289;19.89952255;17.51463427;14.04628363;10.64773153;7.657255859;7.421398515;9.015955086;11.52947597;14.67465105;17.54403227;19.8281476;14.21522492
ARM;Asia;Armenia;ARM;20.84030782;25.92638456;40.10553844;59.73115393;82.84869121;68.04715406;43.06392296;35.96969223;29.42953821;42.12738463;30.79407692;23.39792303;502.2817688;-8.663130761;-6.652076905;-0.566409998;6.619723082;11.43230783;15.57938451;19.81930747;19.28430763;14.97000012;7.922046149;1.618720246;-4.8725539;6.374361625
AUS;Australia and Oceania;Australia;AUS;80.55664575;75.8091304;61.97969921;31.12384655;30.0032934;23.82774423;23.2956178;20.26907604;17.842302;24.36599329;33.09903097;50.91911991;473.0914998;27.78449603;27.2294103;25.36869669;21.87473902;17.85830493;14.83290851;13.95467713;15.70786104;18.89074939;22.45708621;25.12711634;26.99410087;21.50667634
AUT;Europe;Austria;AUT;67.70153872;65.91356405;75.92148747;90.70466702;113.3636157;137.6559239;136.9994104;131.4175375;94.90541047;77.15084536;92.21007733;77.23976957;1161.183869;-3.516328201;-1.985212834;1.41837768;5.509071032;10.11808196;13.28641799;15.25566661;14.97906912;12.09243845;7.550789705;1.733679666;-2.209829826;6.186012748
AZE;Asia;Azerbaijan;AZE;24.67986666;27.42884437;40.52277807;48.43735568;56.82755566;50.86251115;25.20357111;23.08684451;34.15297773;45.41275558;30.50388896;26.76428863;433.8832408;-0.200880675;0.803707121;4.970370438;11.64336448;16.80146667;21.72935549;24.76313332;24.11113343;19.83175549;12.88176221;7.32570667;2.032076686;12.22434447
BAH;North America;Bahamas;BHS;45.44899877;45.4690005;51.35999934;65.95433426;161.4966634;189.199997;128.6100006;166.293335;175.393336;142.1600011;65.81433233;42.88366699;1280.083659;21.64700063;21.87966664;22.99866676;24.20799955;25.7670002;27.23433368;27.94799996;27.98666636;27.67766698;26.45333354;24.44099998;22.52233378;25.06333351
BAN;Asia;Bangladesh;BGD;6.513110866;16.42229561;45.25682623;138.2985435;256.1708694;443.143696;487.718476;377.6152181;296.0676074;160.5389134;30.39794325;8.380130467;2266.523668;18.63493476;21.01671737;25.42158699;28.0238696;28.44604355;28.46058696;28.29665205;28.39132624;28.35523912;27.16500004;23.69999993;19.7381739;25.4709131
BLR;Europe;Belarus;BLR;35.28662825;28.69100888;33.57938046;39.44459287;53.05616818;77.90209684;82.40036281;68.45391127;55.32492916;43.89991142;47.23418606;44.79355787;610.0667379;-6.803837177;-5.495250447;-0.685781832;6.921185873;13.43666371;16.53755746;17.72056632;16.95221244;12.42143359;6.903655752;1.2141008;-3.583363717;6.294930099
BEL;Europe;Belgium;BEL;74.45023548;59.43564718;74.45294077;59.45935238;70.18194064;78.91952919;75.72170617;68.05094057;66.86388173;77.40252955;85.98999966;83.36882288;874.297532;1.946864119;2.615488235;5.227252932;8.145482288;12.39799993;15.43452942;17.23852932;17.18329418;14.4274117;10.6783882;5.761970576;3.113923557;9.514241274
BIZ;North America;Belize;BLZ;121.0973345;67.28333346;52.6433328;60.33316676;134.9166667;262.8399989;298.3016688;244.6899948;287.371666;244.1866659;171.4399999;144.1604983;2089.264303;22.37216632;23.04016654;24.45116647;25.87066682;26.91016643;26.92883333;26.44783338;26.66499996;26.4891669;25.41900031;23.56166681;22.61716652;25.06433296
BEN;Africa;Benin;BEN;2.162378165;8.146975311;35.99433422;69.75686889;118.8866834;153.8063158;180.2350004;196.309026;180.9526313;76.11636819;8.685076815;3.216246815;1034.26789;26.56673672;28.6942106;30.142921;30.20036828;28.9347105;27.12671064;25.83784219;25.44439492;25.8967631;27.14973686;27.15171056;26.39289469;27.46155267
BHU;Asia;Bhutan;BTN;6.58304991;8.045757141;26.92092868;93.84278434;162.4775701;366.2757122;446.2278595;330.0250004;238.2685732;84.85221509;12.84192848;4.098578522;1780.459891;0.557168583;2.165202794;5.679099952;8.782621494;11.52844975;14.39315002;14.79762156;14.59121455;13.35409999;9.694573541;5.290076427;2.067335849;8.57504293
BOL;South America;Bolivia;BOL;179.8185053;167.5762953;142.4604308;80.46746344;49.72545579;30.27325327;20.86056467;26.23429658;43.92749987;78.29688745;113.5843377;162.3348095;1095.559801;22.56651426;22.43223419;22.07172541;20.99889782;19.25434212;17.64624468;17.76544163;19.43346287;21.32845602;22.5058025;22.91417185;22.78329805;20.97503004
BIH;Europe;Bosnia and Herzegovina;BIH;80.860045;76.12309074;77.18963606;89.20518129;95.57872703;100.3121813;83.83186375;83.98540878;84.60286297;87.75686368;110.4808183;101.8305903;1071.757288;-1.355606165;0.402879992;4.00575452;8.436859088;12.94428643;16.33300018;18.52327269;18.47731824;14.9445454;9.953500011;4.805609118;0.727127285;9.016531835
BOT;Africa;Botswana;BWA;89.75799044;77.00267481;53.37740295;31.47196603;4.900967957;1.227330483;0.326067913;0.597831165;5.704824428;21.70775731;45.99407777;62.40688364;394.4757757;26.30767961;25.42124759;24.30224279;21.41861652;17.59609708;14.29197087;14.21487862;17.15647578;21.363733;24.28302912;25.49599518;25.89027189;21.47853885
BRA;South America;Brazil;BRA;226.4599222;217.7966163;236.0261218;184.8714065;130.8574456;81.93292589;65.15512118;57.75740555;76.90590207;124.4900123;158.1954052;202.5227092;1762.970993;25.58451186;25.65077184;25.49085319;25.04929326;24.19033924;23.29061903;23.24325361;24.23235125;25.13388081;25.72622215;25.73991086;25.65733499;24.91577183
BRU;Asia;Brunei;BRN;347.7099915;175.3600006;195.8100052;237.3050003;286.2949982;223.1500015;216.2050018;225.9400024;264.1550064;304.7600098;334.1699982;349.9149933;3160.775146;25.34299946;25.47000027;25.92000008;26.45499992;26.5085001;26.25649929;26.03700066;26.08150006;26.04649926;25.92000008;25.47850037;25.6949997;25.93400002
BUL;Europe;Bulgaria;BGR;43.38176565;43.7655746;44.57887211;52.87440418;66.79419148;69.25597885;51.19059571;42.0538298;36.90091502;40.96080861;56.04055291;55.04621295;602.8437065;-1.183475961;0.867380001;4.697314876;9.91599362;14.99442549;18.64327672;20.84746811;20.48827658;16.84593617;11.48252767;5.950780837;1.211842186;10.39676164
BUR;Africa;Burkina Faso;BFA;0.274303953;1.024455;8.234676235;28.05894402;64.20511615;102.321314;172.8819766;215.3889533;141.8890462;36.40282925;2.786709772;0.818411627;774.2867503;25.00453492;27.84060454;30.62862793;32.05473248;31.4724768;29.23294194;27.1148488;26.36330227;26.97117451;28.70565113;27.4734303;25.25387205;28.17636051
BDI;Africa;Burundi;BDI;154.0850021;139.0509995;170.2400009;193.7319992;94.36899948;12.2234302;3.749009954;13.85003996;56.13409996;96.15240097;171.9539993;157.2719994;1262.812;20.24299965;20.38799992;20.4296999;20.36849995;20.04610005;19.37229996;19.35639992;20.44299984;21.15909977;20.98340015;20.23910008;20.16569996;20.26609974
CAM;Asia;Cambodia;KHM;10.91751025;16.01270323;41.89187111;79.2974517;198.4041935;278.3062897;291.2222583;319.2417748;316.9833866;236.0985489;100.9183708;29.38350057;1918.677856;24.86588706;26.52927417;27.92675809;28.94393543;28.49153236;27.72617743;27.34856452;27.26587105;26.96030644;26.59790331;25.81525809;24.8020645;26.93950004
CMR;Africa;Cameroon;CMR;14.95722396;29.45919745;90.06451805;133.6243576;176.4499732;170.7240811;196.0308435;227.8529726;263.2117479;222.5540274;70.24569558;17.8972819;1613.071915;23.88023807;25.35974147;26.27406118;26.43248306;25.5203333;24.33604766;23.36522445;23.29124496;23.72948295;24.28340133;24.2541497;23.60806796;24.52785039
CAN;North America;Canada;CAN;28.74212991;23.16567519;25.30926798;24.86039861;32.81966238;48.52205408;58.90590545;56.42824257;48.66475481;41.35846088;36.85763276;31.83486857;457.4690533;-24.62211663;-23.25358013;-18.71661134;-9.787480609;-0.286830763;7.239879207;11.1066845;9.515218015;3.453914411;-4.358559045;-14.50260723;-21.5228441;-7.144579613
CAF;Africa;Central African Republic;CAF;6.809176702;15.6468418;58.39571849;95.9487844;144.6158138;166.265314;206.478726;229.7081368;218.3597057;165.8568777;37.3976586;9.185347576;1354.6681;24.28106863;26.01470584;26.95922056;26.75824514;25.88295097;24.64969606;23.76955882;23.70883333;23.84316178;24.30872546;24.24531861;23.64955388;24.83925494
CHA;Africa;Chad;TCD;0.210613985;1.383552893;2.263876729;8.360457378;20.86282432;37.11214169;82.39444639;113.7124717;51.30657289;12.40062396;0.352741998;0.145345618;330.5056701;20.66434502;23.09909319;26.54977624;29.55345681;31.03391133;30.74624479;29.26358041;28.20957106;28.36436362;27.2342844;23.79647785;21.29354384;26.65074126
CHI;South America;Chile;CHL;33.81096318;34.03131091;35.28269345;47.03770477;81.51477812;84.41449319;88.00078075;73.36634929;48.92208178;37.8063041;30.74664531;36.23605347;631.1701657;12.68249008;12.20406357;10.86521091;8.616553965;6.287825488;4.397863245;4.044052941;4.836352041;6.318201129;8.221981086;10.1160003;11.84722488;8.369828303
CHN;Asia;China;CHN;10.56029156;15.32206318;25.0398143;42.979478;61.95690278;88.85372162;108.606847;97.8437893;61.71557778;34.17286283;17.93762324;9.784966782;574.7739383;-8.491971784;-5.908786975;0.489740993;7.588355689;13.0679222;17.07086699;19.36835367;18.48085193;13.87163325;7.365577642;-0.486127621;-6.508531021;6.325663982
COL;South America;Colombia;COL;111.6320127;116.8827307;165.6281928;255.5552496;303.0137152;292.9991206;260.7027369;245.2407737;234.0205594;270.6687896;218.0268443;144.2144542;2618.585183;24.6208844;24.98074466;25.14316398;24.7486855;24.35195165;23.89077416;23.78944355;24.04355651;24.21474998;24.29181186;24.38410217;24.38589786;24.40381182
COM;Africa;Comoros;COM;303.4299927;236.8800049;218.9299927;237.3899994;157.4799957;130.4299927;114.7200012;89.95300293;30.36700058;53.00699997;85.53700256;188.2700043;1846.394043;25.09300041;25.10700035;25.20299911;24.9829998;23.95700073;22.50300026;21.97299957;22.18000031;22.79999924;23.90699959;24.90299988;25.23699951;23.98699951
CRC;North America;Costa Rica;CRI;129.3673568;78.04183665;73.05362248;143.0090719;304.7957121;381.0549992;352.2092874;392.8714273;392.6000017;460.4449964;342.3749989;218.4428056;3268.266166;23.17321423;23.67242868;24.62050016;25.04357175;24.59721429;23.98971421;24.04935714;23.8489997;23.68050003;23.4338571;23.06164265;23.04107148;23.85092872
CIV;Africa;Ivory Coast;CIV;10.19480093;36.56456975;80.84101829;120.5328258;161.2289911;212.7543117;158.0203664;168.059201;195.8245869;129.8634222;59.75486253;22.44281931;1356.081776;25.83699081;27.77344956;28.24647704;28.04679823;27.18741284;25.88173399;24.8706055;24.74437616;25.26803664;25.98793579;26.32167883;25.43134864;26.29971557
CRO;Europe;Croatia;HRV;73.48464339;67.51003538;72.38317858;85.33953462;88.53600012;97.9947488;80.39621462;92.69653511;86.95332159;86.6951076;113.4177486;91.94060802;1037.347682;-0.159051895;2.085708211;5.825242869;10.24700361;14.75978572;17.99207125;20.03989301;19.66728544;16.35507148;11.3496107;5.959764318;1.528572984;10.47091069
CUB;North America;Cuba;CUB;36.29623066;38.63146146;48.57169225;73.45205121;176.0717951;198.7038461;144.8284607;166.0075126;190.9976924;157.2694878;67.15207662;31.50456414;1329.486863;22.21161559;22.38671802;23.7453334;24.78764099;26.06489734;26.90994879;27.43600014;27.42956421;26.97528198;26.05556434;24.50476911;23.05328218;25.13007697
CYP;Europe;Cyprus;CYP;85.55749893;71.53250122;51.14175034;26.49574995;17.48924995;4.492500008;1.382517518;2.478349985;5.032474875;27.82000017;48.99574948;93.83650017;436.254837;10.63832522;11.06824994;12.9914999;16.58000016;20.53675031;24.46600008;27.05250025;27.05250025;24.7840004;20.81325007;16.18925;12.38925004;18.71350002
CZE;Europe;Czech Republic;CZE;39.57852507;36.5388998;39.51559982;46.29652491;73.55142489;85.16810007;79.24382505;79.00072527;52.40395012;41.58079987;48.23437538;45.88537521;666.9981125;-2.81324999;-1.059002744;2.804337504;7.494500006;12.29847505;15.41485007;17.10642512;16.90485001;13.49352498;8.586005045;2.819997489;-1.064662;7.665499973
COD;Africa;Democratic Republic of the Congo;COD;126.5308323;122.8728591;165.6419778;160.8450001;110.1464613;61.83914513;63.27559309;91.90514341;126.6582149;170.88144;181.150838;153.2893746;1535.03688;24.14152353;24.49987598;24.73284201;24.63286034;24.35096996;23.31449086;22.81781722;23.50636945;24.07934725;24.27383422;24.13091776;23.98510445;24.03883683
DEN;Europe;Denmark;DNK;55.82442883;36.70250028;44.30832127;39.39428575;47.14789281;54.41657121;64.75007098;67.61267812;71.54546411;74.27100018;77.86814295;64.8085007;698.6498566;-0.105832358;-0.098094424;2.240596427;5.867971438;10.7730357;14.40178571;15.89142854;15.90235731;13.00767858;9.359057222;4.942146447;1.645597501;7.818978497
DJI;Africa;Djibouti;DJI;8.400000026;17.79899992;18.32428578;26.27671433;14.96471446;2.782385673;29.54385662;40.1580004;12.8719573;7.424271516;9.80571454;7.834299904;196.1852025;23.30685697;24.14071383;25.75328582;27.37100002;29.20042883;31.39328603;32.38042859;31.82942826;30.09042849;27.40228571;25.1785717;23.66914286;27.64300019
DOM;North America;Dominican Republic;DOM;78.35800004;69.66506314;52.93006194;99.93393779;192.7887487;130.6202502;122.9184999;121.1133115;151.2733755;162.5399976;135.2189364;99.71168661;1417.07188;21.76325011;22.10243738;22.88174999;23.8126874;24.38481259;25.00943756;25.21162474;25.63618755;25.35387504;24.73143744;23.74625015;22.52124989;23.92974985
ECU;South America;Ecuador;ECU;189.3705224;208.4474889;238.6950696;240.7350471;185.0723181;156.9210742;116.1192342;102.4211782;112.6852746;138.8710725;124.554348;131.3812059;1945.273846;21.70554645;21.78009306;21.92641864;21.95809303;21.54455815;20.87059299;20.41439537;20.7147907;20.97455816;21.25893028;21.29733715;21.5031861;21.32904646
EGY;Africa;Egypt;EGY;4.526068035;2.778153758;3.270234781;2.349568841;2.375333149;1.837291792;2.35517588;2.702501241;1.331861414;2.609743735;2.354592355;4.422784059;32.91330905;12.93039115;14.60204972;17.83291709;22.44429833;26.26452763;28.82016301;29.12217409;29.09909386;27.27882042;24.09648065;18.67798897;14.27636743;22.12045302
ESA;North America;El Salvador;SLV;6.144625126;4.552037405;10.94041246;41.875875;174.9037533;301.9875031;256.7662487;274.4837513;342.2387505;202.9187489;45.69112492;10.30758753;1672.810379;23.95412517;24.47549987;25.70462465;26.35237503;25.90250015;24.86600018;25.15837526;24.9358747;24.2966249;24.227;23.78787518;23.58687473;24.77087498
GEQ;Africa;Equatorial Guinea;GNQ;111.2874446;129.2128872;221.93111;225.6900007;249.8388909;115.3515549;54.67544577;85.02288818;239.8011119;407.0733337;251.9288907;121.4939991;2213.307563;24.57122209;25.10199992;25.03666666;24.78666666;24.72411071;23.75922224;22.74955559;22.81711091;23.77411079;23.92044428;24.13377783;24.13777796;24.12599966
ERI;Africa;Eritrea;ERI;8.034174973;5.638749007;6.146080761;10.31680822;13.13807677;17.2951026;72.79900031;76.08079972;18.76711661;9.261622518;9.75968422;10.46705168;257.7042645;22.25497508;23.095575;24.83287497;26.87167492;28.45762506;29.18172512;28.27582512;27.63674998;27.48714995;26.70497489;24.93287501;23.08785;26.06832509
EST;Europe;Estonia;EST;37.95569229;27.74565374;30.02000016;36.29661531;43.50303855;53.6072307;70.86084615;80.89642275;73.69234672;64.27796173;60.96634571;49.96519221;629.7873441;-6.512038451;-6.33000384;-2.353196153;3.925765396;10.34603841;14.7237693;16.52473061;15.62911536;11.00188468;6.258084572;0.846410395;-3.689223032;5.030938424
SWZ;Africa;Swaziland;SWZ;130.3834015;126.9900009;85.2859993;50.05020065;19.92940006;9.836660002;9.24797993;18.46540012;41.39760017;83.55399933;108.55;114.6799973;798.3706787;24.19519997;23.9932003;23.06300011;20.69420052;18.34659996;15.72179985;15.90859966;17.61800022;19.76640015;20.61819992;21.77859993;23.26119995;20.41380005
ETH;Africa;Ethiopia;ETH;10.85063657;19.09986256;40.8041924;92.23595869;100.3198329;76.85980415;134.3237997;138.3532051;97.21966341;75.84281217;34.15770729;10.44717328;830.5146461;21.16539296;22.29787528;23.48314092;23.79672355;23.62590245;23.26252847;22.28221416;22.0402059;22.44302168;22.06842546;21.22487996;20.75430355;22.37039295
FIJ;Australia and Oceania;Fiji;FJI;396.769989;332.2949982;475.8149872;324.875;156.465004;140.7649994;104.4000015;126.7099991;126.6650009;179.9600067;259.0250015;281.3699951;2905.11499;24.85849953;25.18500042;24.99650002;24.41149998;22.99300003;22.33850003;21.375;21.62150002;21.96849918;22.80999947;23.57999992;24.31349945;23.37100029
FIN;Europe;Finland;FIN;32.00874891;24.02013954;26.47526679;28.06930271;33.7214263;49.92105569;66.77148623;72.82703201;58.18945411;50.38744221;45.79040251;36.51934659;524.7011039;-11.9132004;-11.02967209;-6.090457376;0.037385301;7.094368659;12.89846694;15.17733589;13.10481914;7.905037859;2.247199217;-4.03503832;-9.221927499;1.347861143
FRA;Europe;France;FRA;72.954762;66.58412304;66.70976575;66.51750775;79.9306906;65.94796034;54.66872601;63.73254768;67.73790488;78.27996452;79.65033333;76.21471836;838.929003;3.109364661;4.215568975;6.369562667;9.096851194;12.71775755;16.09794169;18.60386509;18.22869439;15.78271783;11.74669207;6.690054645;3.865739593;10.54372223
GAB;Africa;Gabon;GAB;147.5221552;155.2418213;220.8682147;208.3555948;178.7230947;42.96335706;9.200471406;19.93950865;112.4700717;286.9240485;286.3779764;150.8526785;1819.439003;25.72017856;25.94074989;26.13985718;26.09148809;25.7298213;24.09466662;22.98474998;23.34514296;24.56785708;25.21679762;25.12973806;25.036869;24.99982139
GAM;Africa;Gambia;GMB;0.354433337;0.265556673;0;0.169999997;7.29343367;85.61099752;229.1299998;319.0433248;253.0299988;89.54000092;5.66999992;0.370000003;990.4777425;23.87433306;25.88466644;27.3233331;28.25000064;28.53233337;28.55000051;27.35566648;26.72766622;26.73333359;27.58666738;26.51899974;23.92866643;26.772
GEO;Asia;Georgia;GEO;64.02368973;56.71382799;61.90713804;80.79272421;105.2598964;117.6505864;86.14689584;81.72479314;74.21262018;79.23527527;74.45775867;77.31151679;959.4367255;-5.425151713;-3.9835507;0.72425619;7.623424148;12.26046549;15.66617236;18.80475853;18.44786203;14.62921725;8.741368914;3.256894521;-2.367488229;7.3648176
DEU;Europe;Germany;DEU;51.21894115;42.01523521;49.10295212;52.48314973;66.26583979;80.23647053;73.67846523;72.36679132;57.54289315;50.33631022;59.02086621;59.23181807;713.4997304;-0.477573707;0.556900267;3.874545089;7.687484497;12.27322618;15.4968931;17.18808017;16.96864174;13.90230482;9.431783965;4.270516571;0.880767919;8.504451892
GHA;Africa;Ghana;GHA;7.459437974;27.4347259;71.6847145;104.3432862;148.2614682;183.7197402;155.0706101;143.3656754;176.6015969;114.5251038;36.55876378;15.91944552;1184.944583;26.94933765;29.0876363;29.52125973;29.16407788;28.15079221;26.61422073;25.66940266;25.43945451;25.86642852;26.81897396;27.29659744;26.44389616;27.25177926
GRE;Europe;Greece;GRC;81.47909808;72.74554885;63.67178449;47.11611778;42.97251006;28.07848811;21.51652751;19.04879543;28.02345102;66.84056877;91.30358812;105.4268232;668.2232983;4.740834689;5.802926249;8.18870787;11.93027448;16.42262736;20.47670581;22.9545882;22.77458823;19.5181962;14.55128816;10.21321964;6.291762726;13.65550198
GUA;North America;Guatemala;GTM;85.00463218;55.85444327;66.82082049;95.20761519;215.2902556;387.5928176;379.0576888;341.9058959;404.4369225;313.1230754;160.6394111;101.3971285;2606.330732;20.69887173;21.45315388;22.93861536;24.34658985;24.89128206;24.53676938;23.98587183;24.1103589;23.82443589;23.11025664;21.87838454;21.07982039;23.07117961
GUI;Africa;Guinea;GIN;2.250616276;9.436173465;26.37637788;63.79867444;131.5698855;213.4937189;317.0998707;385.6776933;325.3189758;170.6737188;41.87274362;5.994736253;1693.563182;24.24639743;26.20229486;27.62971788;28.23197436;27.47412806;25.58155131;24.51826929;24.12108974;24.63998711;25.13137174;25.08339752;23.71111547;25.5476409
GBS;Africa;Guinea Bissau;GNB;0;0.296003998;0.113999999;2.358702987;42.2126997;177.4;396.2110016;485.4699982;351.2110016;165.4390015;24.6099;1.626659994;1646.948938;24.26070023;26.19969978;27.85169983;28.91100006;28.82839985;27.57699986;26.16680031;25.66970024;26.16739979;26.85940018;26.56400013;24.24070034;26.60800037
GUY;South America;Guyana;GUY;176.5443337;129.4687729;148.4168636;202.0023788;341.2015147;355.0465173;291.1801504;204.0034862;109.9959391;100.8727273;120.4209547;185.532863;2364.686485;25.227697;25.30440897;25.64983333;25.86199986;25.7892576;25.38140904;25.32628793;25.79412119;26.38793945;26.66374235;26.46074246;25.69659092;25.79536357
HAI;North America;Haiti;HTI;42.99676976;51.40694662;66.04715399;123.6305401;210.1520785;156.2213082;116.1969229;156.668001;185.2423072;202.1330766;116.7493072;52.75669201;1480.201134;22.50361545;22.79723109;23.47053807;24.16961553;24.91023108;25.65315379;25.87207691;26.06884619;25.80615381;25.28561519;24.19292289;22.96969208;24.47507682
HON;North America;Honduras;HND;92.33506404;58.82562231;39.32521111;52.16694503;151.6201939;268.5113877;253.2247234;217.1955549;260.1241675;248.8638886;177.3148076;126.2504804;1945.758033;21.30919451;21.98155557;23.37888887;24.41997231;24.99391683;24.49577771;24.04550001;24.27102788;24.21230549;23.44161103;22.37972222;21.70388884;23.38608334
HUN;Europe;Hungary;HUN;34.47997713;31.79925013;33.5050455;43.27120469;59.79620457;76.26040927;60.16445455;62.2796591;41.4223638;35.48252297;50.74509092;42.54877273;571.7549584;-2.033631818;0.85379296;5.436747708;10.71781585;15.49363639;18.51574993;20.10893176;19.69513646;16.13484107;10.80718175;4.893336346;0.11439575;10.06144773
ISL;Europe;Iceland;ISL;100.8341246;85.01034742;88.2211664;65.7100278;58.88523618;68.45745855;73.83304151;87.88438882;94.97476376;115.6596385;99.23540232;101.1156114;1039.821209;-3.168152368;-2.719393469;-2.613699586;-0.459957363;3.06059811;6.382776376;8.294720855;7.566765236;4.286214294;1.209354769;-2.338935389;-3.283378651;1.351408623
IND;Asia;India;IND;11.21141204;13.21899921;18.22151804;31.46297056;55.52535258;155.4005277;266.9248361;249.320931;163.0848017;68.8583156;26.114827;12.87276124;1072.217251;16.84138028;19.14911736;23.44995907;27.43211193;29.52795685;28.96430849;26.91285115;26.23089838;26.05126142;24.51571704;20.79183961;17.47785111;23.94543419
INA;Asia;Indonesia;IDN;280.0841045;246.3237371;282.730138;271.6694821;251.1564811;192.1898146;171.612461;168.4956034;183.8219961;213.8973808;254.9541932;284.5998064;2801.5352;25.51422631;25.61871379;25.79327456;26.01760063;26.03886689;25.58653413;25.27499335;25.38657905;25.63197339;25.98793511;25.97899669;25.79795509;25.71897008
IRI;Asia;Iran;IRN;35.67136584;32.94690575;37.2045847;32.40925447;19.12163351;4.952910833;3.657825817;3.062103453;2.629275634;10.06610761;16.19350379;29.44270131;227.3581723;4.394126459;6.429934747;11.33000331;16.82412303;22.05671403;26.52690254;28.59320125;27.27527797;23.50864698;17.85205353;11.74628659;6.581417277;16.92655784
IRQ;Asia;Iraq;IRQ;33.03671155;29.96588618;31.07013885;28.77812717;11.88643063;0.811658092;0.253603123;0.31094393;0.346357977;8.198239932;21.46511439;30.21245097;196.3356628;8.880678998;11.12750811;15.12265958;20.70541274;26.53421961;30.78321963;33.29871674;32.88785546;29.44400009;23.58017915;16.08036299;10.51499498;21.57999357
IRL;Europe;Ireland;IRL;121.9655683;86.43527077;90.0751084;65.88391856;76.81940574;67.11305453;66.19089147;88.4015404;99.71183777;115.9695672;112.4298114;119.632622;1110.628609;4.637929716;4.692518937;5.996478378;7.694678359;10.07362972;12.79905407;14.52613524;14.27683786;12.45910812;10.08116209;6.610897309;5.446402718;9.107924359
ISR;Asia;Israel;ISR;60.48757131;43.47957141;32.70047106;12.41275718;1.547614319;0.006190429;0.094761431;0.24285715;0.366195721;9.776652874;27.54842887;60.02638435;248.6894455;11.79342856;12.71614306;14.95814269;18.81799998;21.89571435;24.75171444;26.44942883;26.68157114;25.12385723;22.21900013;17.5692858;13.4018571;19.69800023
ITA;Europe;Italy;ITA;77.58259531;71.87711897;74.60104761;78.99883343;74.15334157;67.46072564;56.3902375;71.92112481;75.89435692;95.06970605;101.2363727;85.00815855;930.1936173;3.318792178;4.349359532;6.522076176;9.612691603;13.77757853;17.52469845;20.30508735;20.14434361;17.18581272;12.85685643;8.012445943;4.398412154;11.5006943
JAM;North America;Jamaica;JAM;106.4999971;107.8042488;79.47674847;126.7000008;233.2075005;169.2574997;134.789999;205.7599983;228.4874992;297.0100021;263.8725014;161.3182449;2114.184265;22.76074982;22.91499996;23.44449997;24.24524975;24.72424984;25.50325012;25.69500017;25.90824986;25.40500021;25.02975035;24.37575007;23.62400007;24.46899986
JPN;Asia;Japan;JPN;74.25085778;73.71672895;97.02738702;124.1628711;138.9808648;206.799846;212.0352257;187.5588195;193.2361286;126.1938196;98.06853537;71.72607085;1603.757153;-1.267703807;-0.888599011;2.52311821;8.702060173;13.52401869;17.34091804;21.33865153;22.74399996;18.75723866;12.77720581;7.053675315;1.748080205;10.36272594
JOR;Asia;Jordan;JOR;20.94063441;18.76979718;18.95121722;8.789697045;2.725235155;0.050190657;0.222855138;0.472763714;0.07266657;4.018092301;9.590104806;17.70243726;102.305694;8.337334251;9.953511387;13.08151428;17.71825714;21.91785714;25.22522861;26.90354282;26.91011434;24.85345704;20.6833143;14.70974279;9.939814281;18.35282849
KAZ;Asia;Kazakhstan;KAZ;16.91463462;14.0704779;17.85037185;23.54566143;25.39939873;25.16384782;27.13935335;20.31587154;16.01251198;23.53742946;22.74864471;19.56678201;252.2649856;-12.30520401;-11.80396814;-3.957107989;8.237514919;15.79623134;20.97329462;23.40364174;20.88078427;15.00339946;6.184366232;-1.916609249;-8.641941957;5.987870514
KEN;Africa;Kenya;KEN;30.94103634;26.99107486;60.54843333;138.8527169;89.81737928;34.48872359;30.80131361;28.78960054;26.59514849;58.90087696;102.1769039;49.20973796;678.1129423;24.91740107;25.7118984;26.09907482;25.453091;24.49647059;23.41749186;22.8544385;23.15713365;23.92190376;24.84039041;24.55420322;24.57036369;24.49946529
KUW;Asia;Kuwait;KWT;22.8045001;14.35300017;14.99737489;16.56012488;4.813324986;0.192499998;0.389578754;0.422916253;0.248335004;1.726658731;13.77812505;18.30037487;108.5868139;12.35087502;14.65875006;19.23375011;24.21262503;30.66087508;34.72037506;36.24574995;35.87762547;32.77775002;27.1337502;19.89287519;14.07700002;25.15349984
KGZ;Asia;Kyrgyzstan;KGZ;25.40017399;28.26346937;44.49320001;57.4368708;59.13672961;39.36834109;22.35151795;14.29825291;10.74264119;30.68776471;30.5075296;28.03497527;390.7214655;-14.2591565;-12.71526947;-5.189968368;3.177797575;7.520927229;11.52580593;14.44563887;13.69897292;9.008687092;2.213721624;-5.265054214;-11.04536554;1.093056123
LAO;Asia;Laos;LAO;19.44291425;18.25714533;38.65748019;97.15126673;189.6513338;271.0158669;281.5909318;340.9230656;247.4627999;151.8767595;74.54232007;27.77552925;1758.347404;18.68878665;20.59778661;23.00969317;25.21025335;25.90490669;25.74945333;25.49483991;25.1973866;24.8346401;23.62138664;21.26730662;19.03274672;23.21746666
LAT;Europe;Latvia;LVA;38.08645706;27.5873715;33.59905701;38.11485694;47.07448589;59.89137105;75.62874233;76.42014335;70.86697192;59.01328539;61.21371395;51.37385722;638.870309;-5.865905749;-5.303039987;-1.367246086;4.960762855;11.26071429;15.04362856;16.54891426;15.9355999;11.51279997;6.730854266;1.341335316;-3.278950579;5.626625729
LIB;Asia;Lebanon;LBN;162.2374954;123.147501;91.27400017;50.4782505;14.34342456;2.284992455;0;0.115000003;2.293324975;40.76249981;85.00099945;149.1749992;721.1124878;7.498274835;8.126649915;10.39425016;13.99574995;17.42424989;20.86999989;22.96849966;23.34824991;21.84250021;18.40225029;13.50157523;8.990674973;15.61349988
LES;Africa;Lesotho;LSO;122.3399989;110.2308324;103.3346666;59.31858381;23.85266662;15.23166664;12.88433337;23.26999998;35.20508305;75.38924885;95.24675115;99.36333211;775.6671702;17.50866675;16.51000015;15.13083331;11.42980011;8.272224943;5.490833363;5.933883231;7.882225076;11.64119999;13.11058323;14.58299986;16.20058338;11.97447515
LBR;Africa;Liberia;LBR;23.75832259;69.85922561;99.44812922;152.9958065;252.7999981;359.9777409;320.8838727;341.7438704;399.097418;261.4387094;125.0875478;52.98961252;2460.080251;25.26138712;25.87461293;26.43819347;26.3816452;25.81267738;25.09941956;24.13919363;23.89990302;24.54441938;25.12632241;25.44522575;25.00661272;25.2524195
LBA;Africa;Libya;LBY;8.721338248;4.976439942;5.490165494;2.838497874;1.596628034;0.468161406;0.435708037;1.123119133;1.708351643;5.358059545;5.189807515;8.07099734;45.97727403;12.38489949;14.63552455;17.7564501;22.09768019;26.49557023;29.2338274;29.40268868;29.12203892;27.31965483;23.08679359;17.74965987;13.51464804;21.89996952
LTU;Europe;Lithuania;LTU;38.89417976;28.1443589;36.02315379;40.53556403;51.00005106;67.79541094;77.15746229;75.54674354;67.09469291;56.51282012;61.20410244;51.81310282;651.7216437;-5.468630754;-4.625125635;-0.466065369;5.954782046;12.17705127;15.59200001;16.88764093;16.43317937;12.1352051;7.215641047;1.831454624;-2.728376177;6.244905105
LUX;Europe;Luxembourg;LUX;74.29299927;60.61999893;71.18299866;57.73300171;72.19999695;76.33699799;69.44300079;70.43000031;59.84000015;69.79699707;82.26699829;84.66300201;848.8059082;0.37;1.60329998;4.7033;8.11330032;12.42300034;15.50300026;17.39299965;16.89999962;14.04699993;9.75329971;4.4000001;1.37329996;8.88189983
MKD;Europe;Macedonia;MKD;47.27481807;42.28209079;51.30845469;52.34099995;69.45136226;57.48736364;46.05027286;41.81681789;40.16809151;53.80845469;70.09509035;60.41999956;632.5038341;-0.983333632;1.047269075;4.766063582;9.233963706;13.98572705;17.42118159;19.8467272;19.73172725;16.31045445;10.78488185;5.366072676;0.732433635;9.853518182
MAD;Africa;Madagascar;MDG;283.2403545;257.362944;184.3260864;90.11349736;55.18564119;48.24088787;56.87290681;49.05481522;31.86014077;60.88262443;118.0410101;240.4950771;1475.675992;24.28832481;24.32305585;23.98713706;23.10093414;21.17232995;19.34973597;18.89226904;19.29708118;20.52720307;22.09930964;23.19394417;23.9313401;22.01356848
MAW;Africa;Malawi;MWI;232.9578946;209.8542107;206.3057881;100.7586581;25.1546738;10.55394106;9.074291396;3.712636826;3.131470803;17.80151318;76.44249926;216.5434197;1112.291003;23.4858159;23.37444742;23.24565787;22.30915802;20.31297367;18.42486833;18.04781575;19.50297358;22.00644729;24.28339461;24.77521068;23.9752632;21.97876318
MAL;Asia;Malaysia;MYS;274.8889424;196.227839;210.433009;227.4344755;239.8427628;196.1619333;190.3369526;220.1920284;251.651144;298.329239;342.4652377;344.8294573;2992.793013;24.60780013;24.73273335;25.19258098;25.61109519;25.74203805;25.49046664;25.20818098;25.18656197;25.11443814;25.10084763;24.88862861;24.79040958;25.13883809
MLI;Africa;Mali;MLI;0.03686932;0.340452506;1.06994866;5.181541632;14.34042212;36.78355363;75.30510204;98.16858184;55.81552093;14.89587813;0.950165641;0.121108735;303.0091447;21.24759486;24.17407732;27.33739346;30.53083845;33.06207967;33.38197668;31.81245668;30.62256442;30.57733496;29.55384075;25.64464169;21.65361825;28.29987354
MTN;Africa;Mauritania;MRT;0.56646233;0.685119805;0.229314249;0.545212222;0.716934002;5.514204391;18.778293;33.6064383;23.49289825;4.072396536;0.999815668;0.797666558;90.00475511;20.29522499;22.65558332;25.289975;27.94854447;31.30401676;33.21279437;33.2987194;32.27580003;31.20213054;29.38376945;24.95548611;20.49285278;27.69289724
MRI;Africa;Mauritius;MUS;265.8099976;283.8399963;245.5800018;223.8500061;156.2400055;121.9700012;121.9300003;105.0199966;69.5;69.93699646;91.33000183;198.0099945;1953.016846;25.49699974;25.59700012;25.47699928;24.62000084;22.88699913;21.34000015;20.65299988;20.37999916;20.90299988;21.99699974;23.43300056;24.74300003;23.12700081
MEX;North America;Mexico;MEX;23.176827;15.90387677;13.14419162;17.0845185;38.82603117;102.022208;132.3791535;134.178239;137.518153;70.57763374;27.61880298;25.70949426;738.1391283;14.80068138;16.19720312;18.44079487;21.27748718;23.46176421;24.95992897;24.90216903;24.69619459;23.57856962;21.06759515;17.79179676;15.36225141;20.54469315
MDA;Europe;Moldova;MDA;37.06756282;36.51656246;32.49581277;42.69399977;53.73587465;73.77724934;68.08550072;47.45275021;45.2562499;25.61318755;37.77331257;38.42468738;538.8927498;-3.331875028;-1.729783129;2.931037484;10.25040001;16.05231261;19.37999988;20.95662487;20.57974994;16.43912482;10.40999997;4.483337536;-0.414169395;9.667174936
MGL;Asia;Mongolia;MNG;1.638248444;1.721806108;3.903830614;9.530947787;17.36850302;37.36704427;64.06351473;54.1387784;22.3990558;8.161743812;4.448548127;2.48991663;227.2319384;-20.55570001;-17.79580126;-8.801892149;1.687322937;9.79869897;15.16452241;17.19601125;15.47189285;9.231606397;0.771283115;-10.2264778;-17.93002013;-0.49904369
MNE;Europe;Montenegro;MNE;110.9093335;100.9893316;100.8878339;106.4404996;101.5800006;94.53883362;76.74533272;76.77783203;93.87400182;107.0045001;133.456665;123.9783325;1227.182475;-2.096683362;-0.745555002;2.532773293;6.871116797;11.60444991;14.97149992;17.54649989;17.53999996;13.95616674;8.873399893;3.887216608;-0.057211725;7.906949917
MAR;Africa;Morocco;MAR;39.4175641;46.01254736;37.24611083;38.82258517;23.73023214;8.181283134;2.554637747;3.792008326;11.93072716;24.64119871;44.02731414;41.91033343;322.2665445;9.677855763;11.17109934;13.08619744;15.09900641;18.60765385;22.22089738;26.0095449;25.86188463;22.70802568;18.22480133;13.74359294;10.29064744;17.2250961
MOZ;Africa;Mozambique;MOZ;196.1337189;189.2228844;163.4101314;83.98398475;32.89763754;20.7216163;18.33226292;12.2389316;10.42885542;29.20631757;73.98789504;177.2415575;1007.805793;26.03287268;25.89097756;25.48154302;24.14828092;22.03864045;20.00288763;19.62838577;20.9869626;23.1271049;24.97647936;25.9271236;26.03100379;23.68935959
MYA;Asia;Myanmar;MMR;8.311173043;12.36808178;21.21126798;63.52034353;199.2597217;385.5092192;408.0829136;395.6780869;269.2053045;176.8421088;55.88281316;11.82970653;2007.700734;18.00087026;19.73575478;22.74329393;25.3926521;25.75421869;25.17521439;24.90953481;24.8240665;24.89045955;24.00745221;21.4305318;18.61906998;22.95692088
NAM;Africa;Namibia;NAM;63.88377119;64.58855403;55.49394563;22.07975054;2.646399999;1.329709692;0.417375681;0.554750661;1.768837806;7.942177727;24.19366004;28.93226891;273.8312011;24.26123691;23.60536584;22.67273871;20.32880834;17.1597561;14.44028921;14.14121953;16.06132406;19.23522998;21.57919861;23.00738333;23.96324745;20.03803485
NEP;Asia;Nepal;NPL;20.20541357;30.3687498;39.84215379;53.39621151;95.81723103;212.6144033;363.5676906;299.4651924;203.836346;60.71707736;10.33994999;16.2413481;1406.411774;4.163715493;5.631057621;10.01947447;14.25160394;16.82016592;18.83018454;18.80676347;18.59044031;17.35074813;13.73368983;9.162981849;5.566967319;12.74394041
NED;Europe;Netherlands;NLD;65.50650048;44.59275008;60.10587502;46.74437428;56.06268716;66.4131248;73.19749928;65.14162517;66.67499995;69.24025011;77.02456331;75.36462498;766.0688782;1.993774996;2.373549975;4.945006249;7.562912553;11.98356253;14.72187495;16.55093753;16.63987505;13.895625;10.34735012;5.916237473;3.490612522;9.201737643
NCL;Australia and Oceania;New Caledonia;NCL;190.1566671;171.6233342;192.3866704;125.6666654;110.6733309;127.1150004;87.11716588;87.54766719;61.69283358;71.08066686;105.2666664;125.8799998;1456.206685;24.71633307;24.85066668;24.35866674;22.94683329;21.35816669;20.09183344;18.97316647;19.02216657;19.65399996;21.1571668;22.65683333;23.79216639;21.96499983
NZL;Australia and Oceania;New Zealand;NZL;139.1339122;108.1547997;147.0508266;141.770096;160.2030257;154.6000092;161.3977829;162.5227999;161.4770358;159.375044;143.2337653;152.0265731;1790.945674;14.93746088;15.05231919;13.60313737;10.71822522;7.582028705;5.261770812;4.569160265;5.718255688;7.610940831;9.670459121;11.5281061;13.45803651;9.975832156
NCA;North America;Nicaragua;NIC;110.7874634;56.14888337;36.13920211;47.6719045;197.4482604;372.4345617;337.7528262;296.6445657;299.9452137;313.8458696;193.1637385;144.9868832;2406.969395;23.29517394;23.96665212;24.94928265;25.72204341;25.8083261;25.06819563;24.92697828;24.76910881;24.72354354;24.54152165;23.78634793;23.50780441;24.58878273
NIG;Africa;Niger;NER;0.009048809;0.398386277;0.456981737;1.206664966;6.088459455;16.78670082;48.18817284;64.48350325;21.41649672;1.751014997;0.017741886;0;160.8031721;19.04764518;21.9109479;26.01169725;30.29249378;32.72850618;32.79324821;31.23617616;30.32259308;30.34765506;28.46805709;23.6613747;20.04426302;27.23872952
NGR;Africa;Nigeria;NGA;3.459044751;9.59822572;30.82527347;68.79382136;115.3845807;158.4392246;215.140264;230.0152809;197.647878;92.29409343;13.00643457;3.927773064;1138.53189;24.59662045;27.00505606;29.12612214;29.88966331;28.93756763;27.3111056;25.84954784;25.37680527;25.92794715;26.77620127;25.92431356;24.66575573;26.78221455
PRK;Asia;North Korea;PRK;12.92180434;17.6069787;33.13955311;66.35795804;86.68212753;138.9321911;270.1140429;261.9687244;124.1497022;52.47659561;33.26246801;12.81330141;1110.425449;-13.10710209;-10.0020128;-2.814280128;5.717880005;11.94969572;16.47204269;20.08297869;20.03891474;14.08225102;7.177570216;-1.46886956;-9.849668138;4.856629418
NOR;Europe;Norway;NOR;93.14532491;70.42859093;73.1819746;53.40841761;55.35235852;71.4860463;91.23619839;94.86008836;117.050886;122.4970338;104.1826963;105.0111308;1051.840741;-9.246717863;-8.742843298;-5.493882655;-1.136597512;4.779806773;9.527075941;11.64218776;10.48650463;6.416998319;1.643123021;-3.76011202;-7.068732786;0.753892466
OMA;Asia;Oman;OMN;6.894595908;12.67576167;10.67259816;14.54993174;3.821551413;6.433925908;12.17987102;7.375607762;2.201026658;3.321215797;3.616201203;4.464819903;88.2071068;19.92243922;20.77576628;23.39604683;26.71577568;29.46642988;30.05028967;28.69423364;27.61133641;27.4452804;26.24858885;23.8319439;21.29071975;25.45410276
PAK;Asia;Pakistan;PAK;20.57685859;27.55458004;35.08283752;24.87433679;16.83076367;14.38443926;59.83359899;54.52480837;19.50093155;6.972852979;6.569224634;14.31257204;301.0178051;8.674764942;10.66703804;16.00894755;21.58506914;25.84948605;28.98135998;28.65964798;27.62000213;25.28274552;20.86147547;15.25431114;10.32722951;19.9810149
PAN;North America;Panama;PAN;61.34904138;34.98904014;36.54699975;115.1956662;296.4237487;258.2604173;232.7712504;271.5829169;272.9029172;419.1041635;325.0383314;162.8620825;2487.02656;24.17899982;24.52808333;25.44154151;25.70049993;25.5563333;24.84962495;25.11662491;24.70537496;24.33920829;24.29812495;23.96395834;23.98975007;24.72233335
PNG;Australia and Oceania;Papua New Guinea;PNG;304.8495914;299.0889127;329.8272111;276.5226526;253.9525855;218.2035441;220.9854898;216.1098373;224.7356737;245.5602045;227.2716325;288.9504084;3106.057723;25.46665983;25.39136731;25.35178225;25.28387742;25.15344228;24.50172101;24.06098638;24.27043536;24.74791838;25.25337427;25.56197955;25.59917008;25.053585
PAR;South America;Paraguay;PRY;126.5990561;112.880395;109.0194298;111.3363166;86.56340153;55.81372239;42.36204567;38.49435613;59.23239494;107.4586193;125.3352257;118.7996339;1093.894596;27.74297889;27.07519729;25.83748597;23.10340852;20.4004648;18.34182399;18.56788733;20.30451413;22.30332393;24.69654933;26.08631681;27.30230288;23.48019004
PER;South America;Peru;PER;169.5389688;173.356178;176.5724627;142.6361507;112.3328667;85.035903;74.48055375;69.59673764;92.18485851;133.8596421;128.7132909;154.9345052;1513.242119;20.08806747;20.09408896;19.99160259;19.77669411;19.21447317;18.36914734;18.05042635;18.73233625;19.29248495;19.74634304;20.08035172;20.04187198;19.45650895
PHI;Asia;Philippines;PHL;121.9945316;79.8968204;75.18507504;88.10294432;177.6962918;253.8859548;289.2451688;293.5579768;269.3994376;273.1086517;234.9139324;160.605921;2317.592695;24.06421357;24.30529207;25.13162915;26.1509214;26.54600004;26.01519098;25.60242694;25.52130337;25.55844946;25.44339328;25.0654496;24.5154944;25.32667419
POL;Europe;Poland;POL;32.8632882;27.46655823;31.06166264;38.80905533;60.88159512;76.342914;78.83467493;71.24127611;51.89465629;43.72552759;46.64925153;40.88864399;600.6590956;-2.81785478;-1.381512001;2.648257242;7.407790201;12.98050921;15.94673618;17.52228221;17.18154606;13.33271777;8.765477312;3.424191405;-0.584112277;7.868831915
POR;Europe;Portugal;PRT;113.1127379;112.6178102;77.24104791;71.17907197;54.22052379;35.50150018;10.8529928;11.70338813;41.15859531;87.41466677;106.6565713;113.6879283;835.3468323;9.045938105;9.821269036;11.33259286;12.9580381;15.69961907;19.08902384;21.72123814;21.86704758;20.11507148;16.42973807;12.10909999;9.455780904;14.97038087
PUR;North America;Puerto Rico;PRI;114.4623337;90.59433492;91.98433177;144.649999;264.6033274;183.543335;184.6766663;225.4733327;266.9133352;232.1233317;185.6733297;141.3233337;2126.020955;22.37233353;22.38899994;22.9300003;23.78433355;24.81299973;25.51033338;25.58900007;25.81766637;25.54566701;25.15333367;24.25566673;23.17333349;24.27766673
QAT;Asia;Qatar;QAT;11.7377669;15.80900033;15.53999996;10.94566663;0.776653333;0.201110007;0.356666683;0.21555666;0;0.227779993;3.62886667;5.782200177;65.22126389;17.27199936;18.3143336;21.78433355;26.09433301;31.11766688;33.88099924;34.8476677;34.50233332;32.42533239;29.11666679;24.34133339;19.31200028;26.9173336
CGO;Africa;Republic of Congo;COG;117.4767093;127.1953275;170.4282727;175.4579999;159.7745455;69.34993257;46.5465607;77.33535994;140.6401392;202.9203638;212.9566363;134.969618;1635.051457;24.69742732;25.31401818;25.59519088;25.61693637;25.25904536;23.82137274;23.0284454;23.33734542;24.0450182;24.54177279;24.51624551;24.47081819;24.52032734
ROU;Europe;Romania;ROU;36.92287481;35.16494632;36.07633924;51.90911596;75.9271073;92.8901967;79.68256235;64.74091962;46.15373196;37.21931241;42.95536598;42.56589285;642.2083626;-3.730534212;-1.37169714;3.403307829;9.389581261;14.4052831;17.55351783;19.18780349;18.8140536;15.1827143;9.733796401;4.141275821;-0.974017785;8.811245525
RUS;Europe;Russia;RUS;21.58901948;16.62003815;17.75436065;23.95541909;34.45839587;51.61517154;65.41813863;62.78060407;46.99207362;37.29769579;30.52654018;25.78775713;434.7952136;-26.99672263;-24.72480511;-16.57495948;-6.740828635;2.904749661;10.96445993;14.79333222;12.00598369;5.559468036;-5.33441781;-17.63777238;-24.07401148;-6.321294479
RWA;Africa;Rwanda;RWA;91.97080002;102.5910988;139.3159981;166.4090004;112.193;27.85670004;11.06326981;40.93549976;91.99150009;116.9694008;149.3050011;112.2022987;1162.803558;19.02029972;19.24330025;19.24689999;19.0432003;18.90359993;18.56110001;18.60289993;19.27940006;19.3441;19.21020012;18.82789974;18.85749989;19.01189995
KSA;Asia;Saudi Arabia;SAU;6.18950918;5.909462131;11.76544159;16.32148078;8.469877988;1.717972811;3.767786518;3.340917203;0.935681856;2.134936914;6.957013411;5.893370393;73.4034506;15.34813727;17.14322955;20.59955704;24.52809507;28.88904241;31.59246925;32.03722217;32.08259208;30.20979093;25.85390347;20.82820174;16.69964504;24.65100734
SEN;Africa;Senegal;SEN;0.309998968;0.49117868;0.0638725;0.284656073;11.06520457;68.75763665;155.4628082;224.1830891;178.6223389;58.90458814;2.777795873;0.177646912;701.1008162;24.32220585;26.52749998;28.47479419;30.03527941;31.08389717;30.10729419;28.47385297;27.66555887;27.70102941;28.60450001;27.16455889;24.3178088;27.87320583
SCG;Europe;Serbia;SRB;50.12851647;46.52345208;49.48609654;59.79377464;78.05529133;88.65225786;67.45238679;57.28603215;56.1268708;47.89822597;63.28945123;61.77129032;726.4636585;-1.524620869;0.631609164;4.912364467;10.30677108;15.15600004;18.4084516;20.29148385;20.12970967;16.46532259;10.95878706;5.39666775;1.014950745;10.17899356
SLE;Africa;Sierra Leone;SLE;4.802157616;14.90642795;35.60609188;95.34188141;220.7524005;314.4400031;464.9064001;519.2612012;411.2040002;276.8744025;95.37703979;18.2489319;2471.720894;25.18620026;26.93740006;27.65319992;27.73671982;26.92500015;25.92687981;24.94508011;24.84043991;25.38860008;25.86764;26.00335999;25.11555984;26.0437999
SVK;Europe;Slovakia;SVK;43.19834607;42.27207683;42.45176932;53.5108848;81.34453861;101.132039;93.28357682;86.92219221;58.01765369;49.89165394;61.60096139;53.89061532;767.5163105;-4.166788505;-1.724479512;2.395648854;7.601519227;12.42583073;15.33292297;16.94861544;16.67434619;13.17297305;8.319230832;2.447302322;-2.194476765;7.269396131
SLO;Europe;Slovenia;SVN;78.32988993;75.77311028;94.9385554;111.7177773;118.5622211;143.9303343;128.5896666;135.3747779;124.8766674;118.3793335;137.4544449;93.87999895;1361.806763;-2.089266684;-0.129626973;3.375922177;7.578855621;12.16341103;15.39896669;17.37822225;16.94233322;13.86547756;9.208933406;3.580752183;-0.791111103;8.04021112
SOL;Australia and Oceania;Solomon Islands;SLB;350.973999;334.5529999;352.3230011;262.2550003;231.8449997;190.8150009;261.4660004;239.1280014;217.137999;217.0389984;226.1080002;273.725;3157.369019;26.33969994;26.07290001;25.94529972;25.73460026;25.51379986;25.09810009;24.60829983;24.8534998;25.52300014;25.99680023;26.1144001;26.31599998;25.67630043
SOM;Africa;Somalia;SOM;2.369995511;3.325421516;10.15499658;58.46048912;53.91671234;15.8632675;12.80397378;9.970368445;12.11657701;46.00557726;32.98859331;7.376568128;265.3525398;25.02980189;25.84745753;27.15640095;27.99510843;28.08744338;27.869349;27.11251414;27.13152823;27.67715092;26.67199534;25.62397163;24.99983495;26.76684425
RSA;Africa;South Africa;ZAF;67.2479671;65.66106318;60.41966688;40.07712728;18.4318978;15.42496017;12.77707694;17.70807413;22.22131275;42.56802381;55.07771183;57.16127204;474.7761528;23.19424666;22.65570444;21.10249557;17.74185776;14.24158066;11.16237712;11.07101467;12.97435111;16.02936734;18.3101311;20.48035109;22.19901777;17.59687334
KOR;Asia;South Korea;KOR;29.27297638;37.58923817;59.69833311;104.7189994;101.9262381;177.641429;292.021189;252.7595233;154.2266648;60.3500715;51.04209564;23.48459516;1344.731349;-3.580705466;-1.482939763;3.663566678;10.29084757;15.51035713;19.78050009;23.31209523;23.88307136;18.80342847;12.69655484;5.71207382;-0.671188795;10.65980231
SSD;Africa;South Sudan;SSD;2.375788372;6.463610943;27.29707142;62.66233829;116.4001859;133.8771472;161.6882354;174.9970385;144.1900835;96.49098516;25.02680427;5.112186198;956.5814827;26.44351955;27.93706858;29.30098041;29.1924902;27.90018631;26.41003924;25.45114707;25.45119114;25.92981377;26.55031373;26.4654167;26.10310289;26.92792645
ESP;Europe;Spain;ESP;64.26305147;62.03006563;52.14526742;60.28046001;55.63229579;40.74726146;19.88190143;23.53375492;41.66633331;62.27088737;73.48724392;67.04853987;622.9870638;5.594385261;6.763803622;8.598199551;10.65338499;14.26704692;18.49380749;22.02611264;21.8295587;19.00958211;14.0313676;8.965065737;6.073388102;13.02547607
SRI;Asia;Sri Lanka;LKA;101.7752729;65.48354513;80.96350115;152.6534096;130.0477278;77.48327313;74.95290947;91.62304549;129.3295902;250.8463627;292.2468158;252.0018179;1699.407282;25.13331803;25.86445479;27.02804531;27.78613645;28.07231817;27.69763617;27.39999997;27.23609083;27.13372733;26.60527264;25.82463655;25.28186373;26.75522735
VIN;North America;Saint Vincent and the Grenadines;VCT;73.63300323;51.82300186;47.34700012;53.84000015;90.86699677;157.9100037;195.9700012;215.0800018;206.5899963;195.1399994;176.6000061;121.1699982;1585.970093;25.30699921;25.29700089;25.89699936;26.68300056;27.71999931;27.92300034;27.61000061;27.70000076;27.60700035;27.32299995;26.88299942;25.88699913;26.81999969
SUD;Africa;Sudan;SDN;0.414769725;0.581340365;1.319190206;3.635092715;12.56116259;28.45299053;60.18844945;75.11803215;36.91977467;12.79035358;1.355005876;0.700217542;234.036379;20.42746266;22.1764658;25.64826551;28.7818871;30.97916059;31.25977739;29.84158661;29.35143879;29.36077105;28.34928456;24.44330681;21.27263433;26.82433383
SUR;South America;Suriname;SUR;208.7748992;162.0448979;201.0591845;257.7181621;358.6442843;317.9393896;252.505306;169.4904077;76.31251043;63.19932681;86.98338785;162.1385101;2316.810265;25.04426536;24.99279594;25.34767349;25.63855113;25.7498777;25.577551;25.60432656;26.02173486;26.49602037;26.68769385;26.44683678;25.5859185;25.76608164
SWE;Europe;Sweden;SWE;44.75111317;32.99820389;35.76509375;33.44200963;40.33601624;53.80064728;78.07536253;72.43999048;66.86706141;57.20262473;56.11957292;49.3526377;621.1503333;-10.06833995;-9.005874851;-4.978183449;0.190548719;6.454493815;11.7402932;13.5051126;12.12043075;7.642314573;2.790239418;-3.808610488;-8.026179554;1.546350562
SUI;Europe;Switzerland;CHE;119.8908899;109.5118349;120.3194449;140.7409456;153.686111;169.220389;161.645;176.2811118;128.8274439;111.8526115;128.5157784;125.9209451;1646.412455;-3.237038949;-2.323699446;0.090183323;3.347776128;7.440949962;10.77999992;13.03481105;12.54491107;10.13631117;6.080744438;1.052784998;-1.959079433;4.749057397
SYR;Asia;Syria;SYR;53.85075341;45.78458926;44.29657535;33.75017793;14.01051231;1.829823835;0.348629641;0.30799096;1.146534385;17.91045759;31.61847936;51.51723295;296.371757;6.122102737;7.953424666;11.4615356;16.36624654;21.48573975;25.9868631;28.73169868;28.43931509;25.19864391;19.60228766;12.73592601;7.665519165;17.64578075
TJK;Asia;Tajikistan;TJK;52.52823742;57.78327147;83.23818621;76.64538949;61.41832151;19.01390335;6.216567316;2.455079668;2.850166612;32.19239005;42.86300011;54.81813583;492.0226497;-10.19837242;-8.830773861;-3.082435016;3.442261508;7.492498656;12.29530167;15.37914242;14.70635425;10.25305255;4.004872338;-2.08354241;-7.07541694;3.025248465
TAN;Africa;Tanzania;TZA;149.4831055;141.4667312;179.4084983;176.8610653;64.45989436;14.0046874;8.188722758;8.066135591;15.87352606;33.16153469;100.8617707;160.5479018;1052.383574;23.04554433;23.21435411;23.18276062;22.64341641;21.73438363;20.34410487;20.09761309;20.98919342;22.29882618;23.41419348;23.52788198;23.17728194;22.30580982
THA;Asia;Thailand;THA;13.69892297;16.43453116;35.3324017;82.32555279;197.4309413;199.0972176;205.2239825;246.9912344;258.5976459;168.2865412;78.79959763;30.25797508;1532.476545;23.09945881;25.21181176;27.38371181;28.89401179;28.32002354;27.58078821;27.19063525;26.93073535;26.72906473;26.20493528;24.60277646;22.8512;26.24988821
TLS;Australia and Oceania;Timor Leste;TLS;201.6266658;185.1516647;171.8650029;80.85666784;100.778333;63.10350069;31.70388381;14.76705011;17.92666666;44.70933278;107.2833328;220.0016632;1239.773763;25.464667;25.46733316;25.3556668;25.17949994;24.8125;24.07883326;23.81233311;24.0589997;24.65750027;25.33716647;25.75949987;25.60899989;24.96599992
TOG;Africa;Togo;TGO;5.428679373;18.55499997;63.33944416;99.82222218;134.0994453;169.0544451;186.4733327;183.2170561;194.8633338;105.0088882;20.43083918;8.821483294;1189.114156;26.68522199;28.55455536;29.3108334;28.80727789;27.6044445;26.00722218;25.00650014;24.83461115;25.35533333;26.34105534;26.83705563;26.24411127;26.79911137
TTO;North America;Trinidad and Tobago;TTO;74.18149948;44.95499993;40.56700135;60.543499;124.2350044;224.1500015;256.2000046;229.9150009;189.8149948;214.9900055;206.4700012;165.3849945;1831.406982;24.71700001;24.85200024;25.375;26.11800003;26.60000038;26.15149975;26.05799961;26.31350041;26.51799965;26.40849972;26.01849938;25.22000027;25.8625002
TUN;Africa;Tunisia;TUN;30.09687197;30.42069669;31.41310521;22.38792985;14.09898239;7.580551921;2.333266669;6.553967205;21.7492001;34.6341752;30.31840869;35.50035617;267.0875098;10.43529823;11.86422806;14.2066895;17.38589476;21.67787712;25.97691221;28.75401755;28.68829831;25.67033319;20.6862281;15.45905259;11.55645611;19.36345617
TUR;Asia;Turkey;TUR;72.00647661;61.08873682;60.5560247;62.0885479;56.45490097;33.84361203;14.58237756;12.00031451;17.46150473;44.10029104;58.66678951;80.43355409;573.2831308;-0.524048538;0.980844722;4.771289634;10.01635016;14.47444022;18.53532196;21.82718575;21.65321362;18.11400927;12.5633681;6.846703098;1.944426051;10.93360648
TKM;Asia;Turkmenistan;TKM;19.01037415;17.98612831;28.5887805;25.2766439;14.90576052;3.528715321;3.132748005;1.528472125;2.241381911;8.442735129;13.18760002;18.92255608;156.7518957;1.008180598;2.615771549;8.530473648;16.06853171;22.18354142;26.86103415;29.35367809;27.33199028;21.90543901;14.46494143;8.755527331;3.557998752;15.21978049
UGA;Africa;Uganda;UGA;37.32738062;54.03532933;101.1993177;151.8677192;141.4204763;85.86939074;91.76204891;117.0689271;122.4730734;128.3542687;118.1074875;58.41001227;1207.895434;23.1832682;23.66203664;23.67701209;23.04834145;22.52739025;21.97865865;21.55936584;21.77068282;22.11123189;22.48176824;22.53707321;22.6129879;22.59584155
UKR;Europe;Ukraine;UKR;40.08866214;34.92116891;32.65409785;40.66677698;51.35920945;70.05880423;71.8457533;53.94153034;43.49883105;32.89489185;42.55771627;47.30135827;561.7888003;-5.150562074;-3.687454647;1.181138752;9.085106051;15.09039763;18.42148986;19.95016218;19.34438509;14.77610707;8.625605377;2.807329622;-1.976805139;8.205565565
UAE;Asia;United Arab Emirates;ARE;5.95538693;22.17799987;16.5876085;8.961469567;1.080573912;1.0940613;2.284059144;1.405504359;0.495943042;0.428552171;1.740576066;5.600291309;67.81202548;18.42752183;19.42804353;22.61291305;26.57843482;30.62365225;32.45708681;33.79613047;33.55086949;31.74313023;28.34321752;24.06178259;20.28373909;26.82560888
GBR;Europe;United Kingdom;GBR;121.1234809;83.9128874;99.31730821;68.66696227;73.53278945;73.76029306;74.37978217;92.8523232;106.1599172;119.1224729;119.1959929;122.2755412;1154.299742;2.993382328;2.968697549;4.655665429;6.74237971;9.815439092;12.76588499;14.43539855;14.28681201;12.21388797;9.47201049;5.524062415;3.849172169;8.310239139
USA;North America;United States;USA;44.60232194;41.9686617;51.3995403;49.11009126;60.0936926;64.49006195;65.77780479;65.15188066;61.46557701;49.40508475;50.64151061;50.43044362;654.5366726;-6.310047656;-4.291305868;0.064307638;5.870722223;12.0880164;17.11707506;19.93901474;18.84778506;14.40975967;7.698756063;0.380687626;-4.75929217;6.754627068
URU;South America;Uruguay;URY;114.1446427;128.0214433;115.2928145;97.92901361;96.73090014;89.81602881;105.2152144;95.77968565;103.3437717;107.9537859;103.3858859;92.86407122;1250.477267;23.90368571;23.36737148;21.25715708;17.87892848;14.84398569;11.77401426;11.79495716;12.78172853;14.33018575;16.95224288;19.62181429;22.30431429;17.5674857
ISV;North America;US Virgin Islands;VIR;145.8300018;93.22299957;84.38999939;141.5800018;219.3399963;182.2100067;173.8000031;212.8600006;249.9400024;235.3699951;212.1699982;180.7599945;2131.4729;23.94000053;24.10000038;24.46699905;25.22999954;26.04700089;26.71999931;26.87299919;27.13299942;27.14999962;26.66699982;25.86300087;24.72299957;25.74300003
UZB;Asia;Uzbekistan;UZB;21.37785409;20.22503434;33.72120837;32.70652096;19.26424483;5.47988008;3.296873974;1.453488485;2.382481362;12.46775677;17.11516661;22.33111459;191.8216232;-3.034863163;-1.554081461;5.377054295;14.09539583;20.42042865;25.3434114;27.70989062;25.30531766;19.5471646;11.62748025;5.361304023;0.034094481;12.51938331
VAN;Australia and Oceania;Vanuatu;VUT;341.2100067;317.8499908;342.449997;268.2799988;189.4150009;184.9200058;144.699997;149.375;135.5;174.3500061;193.7700043;220.2899933;2662.110107;25.33150006;25.4449997;25.22850037;24.47649956;23.5199995;22.79349995;22.23500061;22.21650029;22.48699951;23.26350021;24.27649975;24.81150055;23.84049988
VEN;South America;Venezuela;VEN;50.62887862;46.00189405;58.36617438;131.5381796;229.1280576;296.5036264;292.7272684;267.2901693;202.1855861;170.7161796;132.0896815;80.47829091;1957.653987;25.02705429;25.5618305;26.12748131;26.13956278;25.61211864;24.79796952;24.61503726;24.89825082;25.23720673;25.43384061;25.39431189;24.9764034;25.31845425
VNM;Asia;Vietnam;VNM;37.33135089;25.84083774;39.93971926;73.47722811;167.8957022;228.4752017;250.2542725;264.1843611;266.3659659;236.8741488;170.7600177;73.76199073;1835.160793;19.45810531;20.59650002;22.06320175;25.24571927;26.83370167;27.09202636;27.17020174;26.88348243;26.0624912;24.61285093;22.4232105;20.39393861;24.06964913
YEM;Asia;Yemen;YEM;6.574775454;8.65695438;14.32589092;25.14928069;15.89424592;9.139573174;28.92863253;25.66467524;9.597883289;4.632454344;8.950662151;9.023870164;166.5388997;18.35298056;19.25307139;20.816974;23.55497402;25.85950001;27.8027858;26.98286369;26.77692855;26.12813639;23.01622077;20.30385712;19.03762336;23.15716874
ZAM;Africa;Zambia;ZMB;224.0878396;198.0855999;154.7381482;50.78410403;4.677347746;0.368186159;0.05204016;0.231133519;3.630928312;32.0336399;111.5641482;224.5000799;1004.753196;22.887856;22.93651202;22.90163201;21.911092;19.580152;17.36205201;17.06724006;19.47181199;22.91751202;24.66904;24.19231998;23.11230003;21.58413197
ZIM;Africa;Zimbabwe;ZWE;152.1838096;136.2427209;76.33597085;32.50807358;8.065668408;3.666232399;1.980050666;2.409351702;6.966291845;27.39412283;75.97783058;145.2446478;668.974773;23.89978674;23.49130877;22.91602947;21.14728677;18.39870585;15.79461769;15.64214705;17.90291908;21.36594861;23.73524994;24.23264707;23.85004407;21.03138971